alpha,beta,w_dis,w_dir,w_reg,fold_id,heldout_group,train_anchor_label,test_labels,n_seeds,E_distance_stress_mean,E_distance_stress_std,E_direction_vr_mean,E_direction_vr_std,RMSE_anchor_mean_km,RMSE_anchor_std_km
-1.0,-1.0,1.0,0.1,0.1,0,0,龜茲,鄯善|于闐,2,0.004771519107276444,6.055019212748182e-06,0.5,0.009433962264150941,962.9142980074715,24.866221463897887
-1.0,-1.0,1.0,0.1,0.1,1,1,鄯善,龜茲|車師前,2,0.004755744399576723,1.8780727575502375e-05,0.5566037735849056,0.17924528301886788,894.0416964522283,41.312808376654345
-1.0,-0.5,1.0,0.1,0.31622776601683794,0,0,龜茲,鄯善|于闐,2,0.005330746891911359,7.508058095496897e-05,0.42452830188679247,0.009433962264150941,1002.2410939831341,31.184692603159476
-1.0,-0.5,1.0,0.1,0.31622776601683794,1,1,鄯善,龜茲|車師前,2,0.005301763143691834,2.3439741535756075e-05,0.5849056603773586,0.20754716981132076,910.8377692674896,39.29428090761712
-1.0,0.0,1.0,0.1,1.0,0,0,龜茲,鄯善|于闐,2,0.00888303824389463,2.908994924126062e-05,0.39622641509433965,0.056603773584905676,1059.2810320320782,33.56231888970615
-1.0,0.0,1.0,0.1,1.0,1,1,鄯善,龜茲|車師前,2,0.009193637161439484,7.08753805005102e-05,0.5943396226415094,0.2169811320754717,943.7073067483668,72.97340001913511
-1.0,0.5,1.0,0.1,3.1622776601683795,0,0,龜茲,鄯善|于闐,2,0.021341273881686662,0.00015743267806605198,0.41509433962264153,0.037735849056603765,1053.194643752133,41.43874477414079
-1.0,0.5,1.0,0.1,3.1622776601683795,1,1,鄯善,龜茲|車師前,2,0.023649255304416125,0.000978583602298029,0.5377358490566038,0.160377358490566,944.1087960481509,50.22888091845897
-1.0,1.0,1.0,0.1,10.0,0,0,龜茲,鄯善|于闐,2,0.055526638518080026,9.591512002512723e-05,0.4339622641509434,0.0,964.3677702258108,9.232639809346324
-1.0,1.0,1.0,0.1,10.0,1,1,鄯善,龜茲|車師前,2,0.06057132937693048,0.0009160061669338145,0.4811320754716981,0.12264150943396226,947.0867929545436,49.56601316577559
-1.0,1.5,1.0,0.1,31.622776601683793,0,0,龜茲,鄯善|于闐,2,0.13528266321634844,0.0009277261702569928,0.4811320754716981,0.009433962264150941,1097.973891437345,1.882945863219902
-1.0,1.5,1.0,0.1,31.622776601683793,1,1,鄯善,龜茲|車師前,2,0.1440042534149626,0.0016186406135344361,0.30188679245283023,0.09433962264150944,804.5598205144588,180.27807692250457
-1.0,2.0,1.0,0.1,100.0,0,0,龜茲,鄯善|于闐,2,0.27939617607085,0.00037802937617065213,0.49056603773584906,0.018867924528301883,1221.0087192737037,8.029155204985159
-1.0,2.0,1.0,0.1,100.0,1,1,鄯善,龜茲|車師前,2,0.28769725120513046,0.0015314899850729369,0.2169811320754717,0.009433962264150941,590.5224725334965,7.212068706831246
-0.5,-1.0,1.0,0.31622776601683794,0.1,0,0,龜茲,鄯善|于闐,2,0.004767168341712211,5.076874434812011e-06,0.5094339622641509,0.0,959.8423043282228,10.715526071456225
-0.5,-1.0,1.0,0.31622776601683794,0.1,1,1,鄯善,龜茲|車師前,2,0.004741369646616925,1.936707291309847e-06,0.5471698113207547,0.16981132075471694,908.3348221937651,56.357042570479905
-0.5,-0.5,1.0,0.31622776601683794,0.31622776601683794,0,0,龜茲,鄯善|于闐,2,0.005305629544093287,6.383316896228222e-05,0.4339622641509434,0.018867924528301883,1000.4555320388057,34.223432222993665
-0.5,-0.5,1.0,0.31622776601683794,0.31622776601683794,1,1,鄯善,龜茲|車師前,2,0.005381245147993612,2.2671795514939228e-05,0.5943396226415094,0.19811320754716982,906.8020209729477,37.058976405588226
-0.5,0.0,1.0,0.31622776601683794,1.0,0,0,龜茲,鄯善|于闐,2,0.008839703436551773,1.7257209062104123e-05,0.39622641509433965,0.056603773584905676,1058.1965664221675,32.3424831030344
-0.5,0.0,1.0,0.31622776601683794,1.0,1,1,鄯善,龜茲|車師前,2,0.009043721655186365,0.00016176598561420345,0.5849056603773586,0.20754716981132076,929.394166009972,59.76455379641391
-0.5,0.5,1.0,0.31622776601683794,3.1622776601683795,0,0,龜茲,鄯善|于闐,2,0.021352448966008186,9.963618651768341e-05,0.41509433962264153,0.037735849056603765,1052.3948811366567,42.107225743846584
-0.5,0.5,1.0,0.31622776601683794,3.1622776601683795,1,1,鄯善,龜茲|車師前,2,0.02371140941958401,0.0010381896488109981,0.5377358490566038,0.160377358490566,955.7671541251486,62.474546029032126
-0.5,1.0,1.0,0.31622776601683794,10.0,0,0,龜茲,鄯善|于闐,2,0.05550967827065193,0.00010568299261063535,0.4339622641509434,0.0,962.9920558819888,7.85773507999636
-0.5,1.0,1.0,0.31622776601683794,10.0,1,1,鄯善,龜茲|車師前,2,0.06004220372475557,0.0003881910835141153,0.4811320754716981,0.12264150943396226,945.0375860723477,48.07347923575213
-0.5,1.5,1.0,0.31622776601683794,31.622776601683793,0,0,龜茲,鄯善|于闐,2,0.13528087208205825,0.0009329126008459226,0.4811320754716981,0.009433962264150941,1097.9526053543887,1.8315945462576337
-0.5,1.5,1.0,0.31622776601683794,31.622776601683793,1,1,鄯善,龜茲|車師前,2,0.14393323289393137,0.0015435220914241932,0.30188679245283023,0.09433962264150944,804.3360486843467,180.3103429776225
-0.5,2.0,1.0,0.31622776601683794,100.0,0,0,龜茲,鄯善|于闐,2,0.2793935553482455,0.00037844470889497606,0.49056603773584906,0.018867924528301883,1221.1062663629568,7.922561411307129
-0.5,2.0,1.0,0.31622776601683794,100.0,1,1,鄯善,龜茲|車師前,2,0.28769780261233124,0.0015304363595492754,0.2169811320754717,0.009433962264150941,590.463732700847,7.163573044477687
0.0,-1.0,1.0,1.0,0.1,0,0,龜茲,鄯善|于闐,2,0.004762621541074839,7.148302000995182e-06,0.4811320754716981,0.009433962264150941,956.7786333089284,1.1213596318504528
0.0,-1.0,1.0,1.0,0.1,1,1,鄯善,龜茲|車師前,2,0.004863456853357199,0.00011547923288710796,0.5849056603773586,0.169811320754717,882.3738348075249,29.404223706074845
0.0,-0.5,1.0,1.0,0.31622776601683794,0,0,龜茲,鄯善|于闐,2,0.0052839783005563384,8.116157026166184e-05,0.42452830188679247,0.009433962264150941,973.8888617565049,16.075898889689086
0.0,-0.5,1.0,1.0,0.31622776601683794,1,1,鄯善,龜茲|車師前,2,0.005512719473862639,0.00015967026068664826,0.5943396226415094,0.19811320754716982,893.1777647239181,27.46924651401889
0.0,0.0,1.0,1.0,1.0,0,0,龜茲,鄯善|于闐,2,0.008544098993027528,0.00019761304691892027,0.39622641509433965,0.056603773584905676,1061.2878838274148,35.44408820077024
0.0,0.0,1.0,1.0,1.0,1,1,鄯善,龜茲|車師前,2,0.00978271218323875,0.0003871875613758605,0.5754716981132075,0.23584905660377362,924.4163994587153,62.14012248871086
0.0,0.5,1.0,1.0,3.1622776601683795,0,0,龜茲,鄯善|于闐,2,0.02155457449810169,0.00027581626112839486,0.41509433962264153,0.037735849056603765,1055.6397342146183,33.12831394262514
0.0,0.5,1.0,1.0,3.1622776601683795,1,1,鄯善,龜茲|車師前,2,0.022517129336754912,0.00037157486757182813,0.5283018867924528,0.15094339622641506,972.6790278633534,81.05756631448884
0.0,1.0,1.0,1.0,10.0,0,0,龜茲,鄯善|于闐,2,0.05546083877688283,0.00013396249265851257,0.4339622641509434,0.0,958.965157411028,3.812061162194027
0.0,1.0,1.0,1.0,10.0,1,1,鄯善,龜茲|車師前,2,0.060320703409395604,0.0006784811755231983,0.4811320754716981,0.12264150943396226,946.0570547756398,50.81611003339094
0.0,1.5,1.0,1.0,31.622776601683793,0,0,龜茲,鄯善|于闐,2,0.13518722307033731,0.0008651247908394583,0.4811320754716981,0.009433962264150941,1097.660376097857,1.4433640660176934
0.0,1.5,1.0,1.0,31.622776601683793,1,1,鄯善,龜茲|車師前,2,0.14403315895349594,0.0015800236678734925,0.30188679245283023,0.09433962264150944,802.4854786889662,181.32384719725047
0.0,2.0,1.0,1.0,100.0,0,0,龜茲,鄯善|于闐,2,0.2794348540316538,0.0004293933596666022,0.49056603773584906,0.018867924528301883,1221.5870464804634,7.4124898057647215
0.0,2.0,1.0,1.0,100.0,1,1,鄯善,龜茲|車師前,2,0.28777718909833905,0.0014272542738830163,0.22641509433962265,0.018867924528301883,593.0573168425217,9.561322222106298
0.5,-1.0,1.0,3.1622776601683795,0.1,0,0,龜茲,鄯善|于闐,2,0.0048707878362305715,2.8982268589778336e-05,0.4811320754716981,0.047169811320754707,921.0520744753004,7.288890131415087
0.5,-1.0,1.0,3.1622776601683795,0.1,1,1,鄯善,龜茲|車師前,2,0.005155392616924364,0.0003234898597334079,0.5566037735849056,0.160377358490566,896.3404982954653,52.37196021227618
0.5,-0.5,1.0,3.1622776601683795,0.31622776601683794,0,0,龜茲,鄯善|于闐,2,0.005354458246954631,0.0001697463732846698,0.4716981132075472,0.037735849056603765,946.3125956229896,27.707933727189015
0.5,-0.5,1.0,3.1622776601683795,0.31622776601683794,1,1,鄯善,龜茲|車師前,2,0.00603755990540385,0.00039988305047667077,0.5943396226415094,0.19811320754716982,895.5731352123721,41.21838650057725
0.5,0.0,1.0,3.1622776601683795,1.0,0,0,龜茲,鄯善|于闐,2,0.00868217130523109,7.248303912612847e-05,0.4056603773584906,0.047169811320754734,1054.878580913775,46.77587808148428
0.5,0.0,1.0,3.1622776601683795,1.0,1,1,鄯善,龜茲|車師前,2,0.00967862531170301,0.0011117945955537185,0.5471698113207547,0.2075471698113208,928.3436593041132,67.2641570859497
0.5,0.5,1.0,3.1622776601683795,3.1622776601683795,0,0,龜茲,鄯善|于闐,2,0.021643718904128577,0.00015135900842551224,0.4056603773584906,0.028301886792452824,1047.0505812804042,51.51912105458399
0.5,0.5,1.0,3.1622776601683795,3.1622776601683795,1,1,鄯善,龜茲|車師前,2,0.022630739286496247,0.00028457525813419156,0.5377358490566038,0.160377358490566,974.8680346913953,90.94057482762685
0.5,1.0,1.0,3.1622776601683795,10.0,0,0,龜茲,鄯善|于闐,2,0.05533650937136174,0.00023012658498449204,0.4339622641509434,0.0,949.0757087080246,6.551264497335069
0.5,1.0,1.0,3.1622776601683795,10.0,1,1,鄯善,龜茲|車師前,2,0.05982369362788635,0.0008255617825986793,0.5377358490566038,0.160377358490566,891.8089173975579,11.467013288912938
0.5,1.5,1.0,3.1622776601683795,31.622776601683793,0,0,龜茲,鄯善|于闐,2,0.13550024013886058,0.001253596475692273,0.4716981132075472,0.0,1090.0803133543732,6.392140852018315
0.5,1.5,1.0,3.1622776601683795,31.622776601683793,1,1,鄯善,龜茲|車師前,2,0.14391995761360782,0.0015873553081332814,0.30188679245283023,0.09433962264150944,797.9176229266145,184.55084570537934
0.5,2.0,1.0,3.1622776601683795,100.0,0,0,龜茲,鄯善|于闐,2,0.2795351408723872,0.0005607474860676864,0.49056603773584906,0.018867924528301883,1222.4951667727328,6.40407230447579
0.5,2.0,1.0,3.1622776601683795,100.0,1,1,鄯善,龜茲|車師前,2,0.28775689822602124,0.0014457493560652845,0.2169811320754717,0.009433962264150941,598.3788223989602,2.181835028794069
1.0,-1.0,1.0,10.0,0.1,0,0,龜茲,鄯善|于闐,2,0.006092766756150784,0.0009017086527166778,0.4056603773584906,0.009433962264150941,821.256166903892,47.21993773717384
1.0,-1.0,1.0,10.0,0.1,1,1,鄯善,龜茲|車師前,2,0.006725704565929393,0.0009606026469320358,0.4528301886792453,0.09433962264150944,917.5542464673655,112.56536127472748
1.0,-0.5,1.0,10.0,0.31622776601683794,0,0,龜茲,鄯善|于闐,2,0.006129115472375036,8.526801190943123e-05,0.34905660377358494,0.02830188679245285,827.5164413395262,73.13188756359989
1.0,-0.5,1.0,10.0,0.31622776601683794,1,1,鄯善,龜茲|車師前,2,0.007117611902945073,0.0006924894641491845,0.5188679245283019,0.14150943396226412,923.4314602505219,109.28170225213847
1.0,0.0,1.0,10.0,1.0,0,0,龜茲,鄯善|于闐,2,0.008196596662263082,0.0003202672934738537,0.3679245283018868,0.047169811320754734,899.0686511049685,113.26773964945704
1.0,0.0,1.0,10.0,1.0,1,1,鄯善,龜茲|車師前,2,0.010647158185878237,0.00038940639158670763,0.5094339622641509,0.1132075471698113,905.8118425246337,85.3824670730857
1.0,0.5,1.0,10.0,3.1622776601683795,0,0,龜茲,鄯善|于闐,2,0.021485334919316684,0.0005336814544359969,0.4056603773584906,0.028301886792452824,974.8461917430552,127.47868869827585
1.0,0.5,1.0,10.0,3.1622776601683795,1,1,鄯善,龜茲|車師前,2,0.022726999244561497,9.960371621986833e-05,0.5,0.16037735849056603,952.628191962466,91.86987838769801
1.0,1.0,1.0,10.0,10.0,0,0,龜茲,鄯善|于闐,2,0.055058460345920095,0.00020665628437675082,0.4339622641509434,0.0,930.455108496815,31.106084859386954
1.0,1.0,1.0,10.0,10.0,1,1,鄯善,龜茲|車師前,2,0.06016004776011602,0.00043224686598482623,0.5094339622641509,0.1509433962264151,894.1986887034269,21.917250986502154
1.0,1.5,1.0,10.0,31.622776601683793,0,0,龜茲,鄯善|于闐,2,0.13491280505019015,0.0009920717407359003,0.4811320754716981,0.009433962264150941,1098.937791777229,0.5330834097209163
1.0,1.5,1.0,10.0,31.622776601683793,1,1,鄯善,龜茲|車師前,2,0.14254886290443175,0.00296471953370539,0.30188679245283023,0.09433962264150944,796.0940658506422,168.96666461331932
1.0,2.0,1.0,10.0,100.0,0,0,龜茲,鄯善|于闐,2,0.2795485009968019,0.0006787857098984884,0.49056603773584906,0.018867924528301883,1226.723876342876,1.7770190194714814
1.0,2.0,1.0,10.0,100.0,1,1,鄯善,龜茲|車師前,2,0.2876606157049384,0.0014410895355705666,0.2169811320754717,0.009433962264150941,587.411097177978,6.474437972416979
1.5,-1.0,1.0,31.622776601683793,0.1,0,0,龜茲,鄯善|于闐,2,0.010957438528725286,0.004800301224280135,0.2830188679245283,0.07547169811320753,635.4494814412708,66.7177338303926
1.5,-1.0,1.0,31.622776601683793,0.1,1,1,鄯善,龜茲|車師前,2,0.009540828233920183,0.00020242674346262254,0.4528301886792453,0.11320754716981132,715.5131272082754,46.586086473826576
1.5,-0.5,1.0,31.622776601683793,0.31622776601683794,0,0,龜茲,鄯善|于闐,2,0.008522989277437025,0.0022631959367314346,0.3113207547169811,0.028301886792452824,646.1164345060918,147.1250833722093
1.5,-0.5,1.0,31.622776601683793,0.31622776601683794,1,1,鄯善,龜茲|車師前,2,0.009887420980076,0.00047016484624453226,0.4339622641509434,0.11320754716981132,752.334671084287,85.29421249285343
1.5,0.0,1.0,31.622776601683793,1.0,0,0,龜茲,鄯善|于闐,2,0.01096210931545878,0.00025369334666031605,0.34905660377358494,0.02830188679245285,773.598871050217,110.80295929086088
1.5,0.0,1.0,31.622776601683793,1.0,1,1,鄯善,龜茲|車師前,2,0.013395113931786662,0.0007776220834980587,0.5188679245283019,0.1792452830188679,779.7875636646418,102.2657814042704
1.5,0.5,1.0,31.622776601683793,3.1622776601683795,0,0,龜茲,鄯善|于闐,2,0.020930782868034636,0.0005404107660751736,0.339622641509434,0.07547169811320756,818.6737805984849,217.77672539368058
1.5,0.5,1.0,31.622776601683793,3.1622776601683795,1,1,鄯善,龜茲|車師前,2,0.024432338203912357,0.001469368122887343,0.5849056603773585,0.24528301886792456,861.8752405019752,108.5120222803439
1.5,1.0,1.0,31.622776601683793,10.0,0,0,龜茲,鄯善|于闐,2,0.0547071579243017,0.0003405891074175667,0.37735849056603776,0.03773584905660379,858.0611941238094,122.05011712350375
1.5,1.0,1.0,31.622776601683793,10.0,1,1,鄯善,龜茲|車師前,2,0.05534511253321477,0.003510620525844485,0.34905660377358494,0.02830188679245285,867.7532318982044,92.64478549103313
1.5,1.5,1.0,31.622776601683793,31.622776601683793,0,0,龜茲,鄯善|于闐,2,0.1336594388748707,0.00016773104329557975,0.4716981132075472,0.0,1096.7556668384195,0.9842130494497496
1.5,1.5,1.0,31.622776601683793,31.622776601683793,1,1,鄯善,龜茲|車師前,2,0.14234466921104727,0.0026163987467548028,0.30188679245283023,0.09433962264150944,756.7323348795958,195.3244487288735
1.5,2.0,1.0,31.622776601683793,100.0,0,0,龜茲,鄯善|于闐,2,0.2795475229076236,0.0003100066832652515,0.49056603773584906,0.018867924528301883,1225.2577009018191,0.48043815524886213
1.5,2.0,1.0,31.622776601683793,100.0,1,1,鄯善,龜茲|車師前,2,0.28760415307618925,0.0014611381076863883,0.2169811320754717,0.009433962264150941,573.0350876421785,7.770984410069445
2.0,-1.0,1.0,100.0,0.1,0,0,龜茲,鄯善|于闐,2,0.008500029955385045,0.002338170697400508,0.25471698113207547,0.06603773584905659,413.1415388551492,136.16172795567897
2.0,-1.0,1.0,100.0,0.1,1,1,鄯善,龜茲|車師前,2,0.016035773865384465,0.011009793197050232,0.4339622641509434,0.20754716981132074,665.8258412685733,256.6382060536822
2.0,-0.5,1.0,100.0,0.31622776601683794,0,0,龜茲,鄯善|于闐,2,0.009403517986420109,0.0024598412954676984,0.27358490566037735,0.08490566037735847,430.61040220676466,131.91140353136083
2.0,-0.5,1.0,100.0,0.31622776601683794,1,1,鄯善,龜茲|車師前,2,0.017891775687101128,0.01235933000460784,0.40566037735849053,0.23584905660377356,551.8209403603438,115.67779746147707
2.0,0.0,1.0,100.0,1.0,0,0,龜茲,鄯善|于闐,2,0.012202505851894432,0.0018615935535221005,0.20754716981132076,0.03773584905660378,376.06327299213535,8.880583556579523
2.0,0.0,1.0,100.0,1.0,1,1,鄯善,龜茲|車師前,2,0.02076540159505163,0.011636446774931817,0.3679245283018868,0.14150943396226415,480.32517044826557,42.976379218605416
2.0,0.5,1.0,100.0,3.1622776601683795,0,0,龜茲,鄯善|于闐,2,0.022280113659261365,0.0002834439448310671,0.20754716981132076,0.05660377358490566,394.0073651881554,99.57246035690329
2.0,0.5,1.0,100.0,3.1622776601683795,1,1,鄯善,龜茲|車師前,2,0.02645808091599884,0.004224370662923962,0.5094339622641509,0.2641509433962264,637.0602956327707,185.61971762084343
2.0,1.0,1.0,100.0,10.0,0,0,龜茲,鄯善|于闐,2,0.056293024166186006,0.00026115608898053325,0.17924528301886794,0.028301886792452838,445.1594886068795,47.754586665509294
2.0,1.0,1.0,100.0,10.0,1,1,鄯善,龜茲|車師前,2,0.06069608188683258,0.0007868369159963196,0.29245283018867924,0.12264150943396228,700.7051798364213,288.60150702224644
2.0,1.5,1.0,100.0,31.622776601683793,0,0,龜茲,鄯善|于闐,2,0.13743698955812902,0.000992756532414124,0.22641509433962265,0.09433962264150943,583.1338072360613,163.70013722591162
2.0,1.5,1.0,100.0,31.622776601683793,1,1,鄯善,龜茲|車師前,2,0.14182085490311705,0.0013217591048065858,0.2830188679245283,0.11320754716981134,717.4464806066393,274.39831014143556
2.0,2.0,1.0,100.0,100.0,0,0,龜茲,鄯善|于闐,2,0.2790867202818315,0.0007085843451945517,0.4811320754716981,0.009433962264150941,1241.5908513486565,24.0302787561003
2.0,2.0,1.0,100.0,100.0,1,1,鄯善,龜茲|車師前,2,0.2879730659911688,0.0016655956138398875,0.17924528301886794,0.009433962264150955,540.4058819129625,2.316767202021026
