alpha,beta,w_dis,w_dir,w_reg,fold_id,heldout_group,train_anchor_label,test_labels,seed,E_distance_stress,E_direction_vr,RMSE_anchor_km,wrong_dir_count,last_raw_stress_trace
-1.0,-1.0,1.0,0.1,0.1,0,0,龜茲,鄯善|于闐,0,0.004777574126489192,0.5094339622641509,938.0480765435736,27.0,25.125301280199736
-1.0,-1.0,1.0,0.1,0.1,0,0,龜茲,鄯善|于闐,1,0.004765464088063696,0.49056603773584906,987.7805194713694,26.0,25.1176490599904
-1.0,-1.0,1.0,0.1,0.1,1,1,鄯善,龜茲|車師前,0,0.004736963672001221,0.37735849056603776,852.7288880755739,20.0,25.060806903092598
-1.0,-1.0,1.0,0.1,0.1,1,1,鄯善,龜茲|車師前,1,0.004774525127152225,0.7358490566037735,935.3545048288826,39.0,25.20642427076319
-1.0,-0.5,1.0,0.1,0.31622776601683794,0,0,龜茲,鄯善|于闐,0,0.00525566631095639,0.41509433962264153,971.0564013799745,22.0,25.808242797936174
-1.0,-0.5,1.0,0.1,0.31622776601683794,0,0,龜茲,鄯善|于闐,1,0.005405827472866328,0.4339622641509434,1033.4257865862935,23.0,25.7001619902343
-1.0,-0.5,1.0,0.1,0.31622776601683794,1,1,鄯善,龜茲|車師前,0,0.005325202885227589,0.37735849056603776,871.5434883598725,20.0,25.457843894382513
-1.0,-0.5,1.0,0.1,0.31622776601683794,1,1,鄯善,龜茲|車師前,1,0.005278323402156077,0.7924528301886793,950.1320501751068,42.0,25.873705787996332
-1.0,0.0,1.0,0.1,1.0,0,0,龜茲,鄯善|于闐,0,0.00885394829465337,0.4528301886792453,1025.718713142372,24.0,28.12580348894572
-1.0,0.0,1.0,0.1,1.0,0,0,龜茲,鄯善|于闐,1,0.008912128193135891,0.33962264150943394,1092.8433509217843,18.0,28.714541259208026
-1.0,0.0,1.0,0.1,1.0,1,1,鄯善,龜茲|車師前,0,0.009264512541939995,0.37735849056603776,870.7339067292318,20.0,28.294407380722845
-1.0,0.0,1.0,0.1,1.0,1,1,鄯善,龜茲|車師前,1,0.009122761780938975,0.8113207547169812,1016.680706767502,43.0,28.846773040194623
-1.0,0.5,1.0,0.1,3.1622776601683795,0,0,龜茲,鄯善|于闐,0,0.021498706559752712,0.4528301886792453,1011.7558989779923,24.0,36.355039249277944
-1.0,0.5,1.0,0.1,3.1622776601683795,0,0,龜茲,鄯善|于闐,1,0.02118384120362061,0.37735849056603776,1094.6333885262738,20.0,38.14004021969005
-1.0,0.5,1.0,0.1,3.1622776601683795,1,1,鄯善,龜茲|車師前,0,0.022670671702118096,0.37735849056603776,893.879915129692,20.0,37.95081650146167
-1.0,0.5,1.0,0.1,3.1622776601683795,1,1,鄯善,龜茲|車師前,1,0.024627838906714154,0.6981132075471698,994.3376769666099,37.0,37.03536344658252
-1.0,1.0,1.0,0.1,10.0,0,0,龜茲,鄯善|于闐,0,0.0554307233980549,0.4339622641509434,973.6004100351571,23.0,70.39453428429377
-1.0,1.0,1.0,0.1,10.0,0,0,龜茲,鄯善|于闐,1,0.05562255363810516,0.4339622641509434,955.1351304164644,23.0,68.74559045474635
-1.0,1.0,1.0,0.1,10.0,1,1,鄯善,龜茲|車師前,0,0.05965532320999667,0.3584905660377358,897.520779788768,19.0,70.59999865880043
-1.0,1.0,1.0,0.1,10.0,1,1,鄯善,龜茲|車師前,1,0.0614873355438643,0.6037735849056604,996.6528061203192,32.0,73.14919560194943
-1.0,1.5,1.0,0.1,31.622776601683793,0,0,龜茲,鄯善|于闐,0,0.13621038938660543,0.49056603773584906,1099.8568373005648,26.0,228.9964999297074
-1.0,1.5,1.0,0.1,31.622776601683793,0,0,龜茲,鄯善|于闐,1,0.13435493704609144,0.4716981132075472,1096.090945574125,25.0,223.33461945439188
-1.0,1.5,1.0,0.1,31.622776601683793,1,1,鄯善,龜茲|車師前,0,0.145622894028497,0.20754716981132076,624.2817435919542,11.0,210.50796562543644
-1.0,1.5,1.0,0.1,31.622776601683793,1,1,鄯善,龜茲|車師前,1,0.14238561280142814,0.39622641509433965,984.8378974369633,21.0,211.77675834043472
-1.0,2.0,1.0,0.1,100.0,0,0,龜茲,鄯善|于闐,0,0.27977420544702064,0.5094339622641509,1212.9795640687187,27.0,1032.7498753646514
-1.0,2.0,1.0,0.1,100.0,0,0,龜茲,鄯善|于闐,1,0.27901814669467934,0.4716981132075472,1229.037874478689,25.0,907.3130971854866
-1.0,2.0,1.0,0.1,100.0,1,1,鄯善,龜茲|車師前,0,0.2861657612200575,0.22641509433962265,597.7345412403278,12.0,691.4950090286119
-1.0,2.0,1.0,0.1,100.0,1,1,鄯善,龜茲|車師前,1,0.28922874119020336,0.20754716981132076,583.3104038266653,11.0,736.7864041450845
-0.5,-1.0,1.0,0.31622776601683794,0.1,0,0,龜茲,鄯善|于闐,0,0.0047722452161470235,0.5094339622641509,949.1267782567666,27.0,25.11306972463039
-0.5,-1.0,1.0,0.31622776601683794,0.1,0,0,龜茲,鄯善|于闐,1,0.0047620914672773995,0.5094339622641509,970.557830399679,27.0,25.12527116232541
-0.5,-1.0,1.0,0.31622776601683794,0.1,1,1,鄯善,龜茲|車師前,0,0.004739432939325616,0.37735849056603776,851.9777796232852,20.0,25.063279592026156
-0.5,-1.0,1.0,0.31622776601683794,0.1,1,1,鄯善,龜茲|車師前,1,0.004743306353908235,0.7169811320754716,964.691864764245,38.0,25.144715536569144
-0.5,-0.5,1.0,0.31622776601683794,0.31622776601683794,0,0,龜茲,鄯善|于闐,0,0.005241796375131004,0.41509433962264153,966.232099815812,22.0,25.806522973748613
-0.5,-0.5,1.0,0.31622776601683794,0.31622776601683794,0,0,龜茲,鄯善|于闐,1,0.005369462713055569,0.4528301886792453,1034.6789642617994,24.0,25.716920615086025
-0.5,-0.5,1.0,0.31622776601683794,0.31622776601683794,1,1,鄯善,龜茲|車師前,0,0.005358573352478672,0.39622641509433965,869.7430445673594,21.0,25.454827020445464
-0.5,-0.5,1.0,0.31622776601683794,0.31622776601683794,1,1,鄯善,龜茲|車師前,1,0.005403916943508551,0.7924528301886793,943.8609973785359,42.0,25.909412618343598
-0.5,0.0,1.0,0.31622776601683794,1.0,0,0,龜茲,鄯善|于闐,0,0.008822446227489669,0.4528301886792453,1025.8540833191332,24.0,28.120285846274378
-0.5,0.0,1.0,0.31622776601683794,1.0,0,0,龜茲,鄯善|于闐,1,0.008856960645613877,0.33962264150943394,1090.539049525202,18.0,28.69263471259508
-0.5,0.0,1.0,0.31622776601683794,1.0,1,1,鄯善,龜茲|車師前,0,0.009205487640800567,0.37735849056603776,869.6296122135581,20.0,28.23248476117521
-0.5,0.0,1.0,0.31622776601683794,1.0,1,1,鄯善,龜茲|車師前,1,0.00888195566957216,0.7924528301886793,989.1587198063859,42.0,28.90196856784776
-0.5,0.5,1.0,0.31622776601683794,3.1622776601683795,0,0,龜茲,鄯善|于闐,0,0.02145208515252587,0.4528301886792453,1010.2876553928102,24.0,36.332018419788945
-0.5,0.5,1.0,0.31622776601683794,3.1622776601683795,0,0,龜茲,鄯善|于闐,1,0.021252812779490503,0.37735849056603776,1094.5021068805033,20.0,38.14797205876314
-0.5,0.5,1.0,0.31622776601683794,3.1622776601683795,1,1,鄯善,龜茲|車師前,0,0.022673219770773013,0.37735849056603776,893.2926080961165,20.0,37.948989249466685
-0.5,0.5,1.0,0.31622776601683794,3.1622776601683795,1,1,鄯善,龜茲|車師前,1,0.02474959906839501,0.6981132075471698,1018.2417001541808,37.0,37.82619957529698
-0.5,1.0,1.0,0.31622776601683794,10.0,0,0,龜茲,鄯善|于闐,0,0.055403995278041296,0.4339622641509434,970.8497909619851,23.0,70.3232701288774
-0.5,1.0,1.0,0.31622776601683794,10.0,0,0,龜茲,鄯善|于闐,1,0.05561536126326257,0.4339622641509434,955.1343208019924,23.0,68.73444922109508
-0.5,1.0,1.0,0.31622776601683794,10.0,1,1,鄯善,龜茲|車師前,0,0.059654012641241455,0.3584905660377358,896.9641068365955,19.0,70.59490206781523
-0.5,1.0,1.0,0.31622776601683794,10.0,1,1,鄯善,龜茲|車師前,1,0.060430394808269686,0.6037735849056604,993.1110653080998,32.0,72.92650697019128
-0.5,1.5,1.0,0.31622776601683794,31.622776601683793,0,0,龜茲,鄯善|于闐,0,0.13621378468290415,0.49056603773584906,1099.7841999006462,26.0,229.01708725647117
-0.5,1.5,1.0,0.31622776601683794,31.622776601683793,0,0,龜茲,鄯善|于闐,1,0.1343479594812123,0.4716981132075472,1096.121010808131,25.0,223.31040756668898
-0.5,1.5,1.0,0.31622776601683794,31.622776601683793,1,1,鄯善,龜茲|車師前,0,0.14547675498535556,0.20754716981132076,624.0257057067241,11.0,210.35254353875644
-0.5,1.5,1.0,0.31622776601683794,31.622776601683793,1,1,鄯善,龜茲|車師前,1,0.14238971080250717,0.39622641509433965,984.6463916619691,21.0,211.7746355468533
-0.5,2.0,1.0,0.31622776601683794,100.0,0,0,龜茲,鄯善|于闐,0,0.2797720000571405,0.5094339622641509,1213.1837049516496,27.0,1032.709287871167
-0.5,2.0,1.0,0.31622776601683794,100.0,0,0,龜茲,鄯善|于闐,1,0.2790151106393505,0.4716981132075472,1229.0288277742638,25.0,907.2602950668182
-0.5,2.0,1.0,0.31622776601683794,100.0,1,1,鄯善,龜茲|車師前,0,0.28616736625278194,0.22641509433962265,597.6273057453247,12.0,691.5230199648329
-0.5,2.0,1.0,0.31622776601683794,100.0,1,1,鄯善,龜茲|車師前,1,0.2892282389718805,0.20754716981132076,583.3001596563694,11.0,736.7744237844918
0.0,-1.0,1.0,1.0,0.1,0,0,龜茲,鄯善|于闐,0,0.004769769843075834,0.49056603773584906,955.6572736770779,26.0,25.10812367926619
0.0,-1.0,1.0,1.0,0.1,0,0,龜茲,鄯善|于闐,1,0.004755473239073844,0.4716981132075472,957.8999929407788,25.0,25.06607037050572
0.0,-1.0,1.0,1.0,0.1,1,1,鄯善,龜茲|車師前,0,0.004747977620470091,0.41509433962264153,852.96961110145,22.0,25.08085907747326
0.0,-1.0,1.0,1.0,0.1,1,1,鄯善,龜茲|車師前,1,0.004978936086244307,0.7547169811320755,911.7780585135997,40.0,25.18732056658989
0.0,-0.5,1.0,1.0,0.31622776601683794,0,0,龜茲,鄯善|于闐,0,0.005202816730294676,0.41509433962264153,957.8129628668158,22.0,25.802258275190017
0.0,-0.5,1.0,1.0,0.31622776601683794,0,0,龜茲,鄯善|于闐,1,0.005365139870818,0.4339622641509434,989.964760646194,23.0,25.722636882727734
0.0,-0.5,1.0,1.0,0.31622776601683794,1,1,鄯善,龜茲|車師前,0,0.005353049213175991,0.39622641509433965,865.7085182098992,21.0,25.476536368396673
0.0,-0.5,1.0,1.0,0.31622776601683794,1,1,鄯善,龜茲|車師前,1,0.005672389734549288,0.7924528301886793,920.647011237937,42.0,26.005767075368116
0.0,0.0,1.0,1.0,1.0,0,0,龜茲,鄯善|于闐,0,0.008741712039946448,0.4528301886792453,1025.8437956266446,24.0,28.108088545123987
0.0,0.0,1.0,1.0,1.0,0,0,龜茲,鄯善|于闐,1,0.008346485946108607,0.33962264150943394,1096.731972028185,18.0,28.57988815609543
0.0,0.0,1.0,1.0,1.0,1,1,鄯善,龜茲|車師前,0,0.010169899744614611,0.33962264150943394,862.2762769700045,18.0,28.18624866499449
0.0,0.0,1.0,1.0,1.0,1,1,鄯善,龜茲|車師前,1,0.00939552462186289,0.8113207547169812,986.5565219474262,43.0,27.564649672593223
0.0,0.5,1.0,1.0,3.1622776601683795,0,0,龜茲,鄯善|于闐,0,0.021278758236973293,0.4528301886792453,1022.5114202719931,24.0,36.373968245371294
0.0,0.5,1.0,1.0,3.1622776601683795,0,0,龜茲,鄯善|于闐,1,0.021830390759230083,0.37735849056603776,1088.7680481572434,20.0,38.19513679262825
0.0,0.5,1.0,1.0,3.1622776601683795,1,1,鄯善,龜茲|車師前,0,0.022145554469183083,0.37735849056603776,891.6214615488647,20.0,37.11472885156287
0.0,0.5,1.0,1.0,3.1622776601683795,1,1,鄯善,龜茲|車師前,1,0.02288870420432674,0.6792452830188679,1053.7365941778423,36.0,37.48753430851866
0.0,1.0,1.0,1.0,10.0,0,0,龜茲,鄯善|于闐,0,0.055326876284224315,0.4339622641509434,962.7772185732221,23.0,70.09862570782488
0.0,1.0,1.0,1.0,10.0,0,0,龜茲,鄯善|于闐,1,0.05559480126954134,0.4339622641509434,955.153096248834,23.0,68.70066147691101
0.0,1.0,1.0,1.0,10.0,1,1,鄯善,龜茲|車師前,0,0.05964222223387241,0.3584905660377358,895.2409447422489,19.0,70.5758549451238
0.0,1.0,1.0,1.0,10.0,1,1,鄯善,龜茲|車師前,1,0.060999184584918806,0.6037735849056604,996.8731648090308,32.0,73.39060728076232
0.0,1.5,1.0,1.0,31.622776601683793,0,0,龜茲,鄯善|于闐,0,0.13605234786117676,0.49056603773584906,1099.1037401638746,26.0,229.16127308029317
0.0,1.5,1.0,1.0,31.622776601683793,0,0,龜茲,鄯善|于闐,1,0.13432209827949784,0.4716981132075472,1096.2170120318392,25.0,223.2406779653603
0.0,1.5,1.0,1.0,31.622776601683793,1,1,鄯善,龜茲|車師前,0,0.14561318262136944,0.20754716981132076,621.1616314917158,11.0,210.5227092642904
0.0,1.5,1.0,1.0,31.622776601683793,1,1,鄯善,龜茲|車師前,1,0.14245313528562245,0.39622641509433965,983.8093258862167,21.0,211.79036930049313
0.0,2.0,1.0,1.0,100.0,0,0,龜茲,鄯善|于闐,0,0.27986424739132043,0.5094339622641509,1214.1745566746988,27.0,1032.0125235920161
0.0,2.0,1.0,1.0,100.0,0,0,龜茲,鄯善|于闐,1,0.2790054606719872,0.4716981132075472,1228.9995362862282,25.0,907.0925927934628
0.0,2.0,1.0,1.0,100.0,1,1,鄯善,龜茲|車師前,0,0.28634993482445603,0.24528301886792453,602.618639064628,13.0,692.7599292020371
0.0,2.0,1.0,1.0,100.0,1,1,鄯善,龜茲|車師前,1,0.28920444337222206,0.20754716981132076,583.4959946204154,11.0,736.6247183913154
0.5,-1.0,1.0,3.1622776601683795,0.1,0,0,龜茲,鄯善|于闐,0,0.00489977010482035,0.5283018867924528,913.7631843438853,28.0,25.194299898776833
0.5,-1.0,1.0,3.1622776601683795,0.1,0,0,龜茲,鄯善|于闐,1,0.004841805567640793,0.4339622641509434,928.3409646067155,23.0,25.19050194965803
0.5,-1.0,1.0,3.1622776601683795,0.1,1,1,鄯善,龜茲|車師前,0,0.004831902757190956,0.39622641509433965,843.9685380831891,21.0,25.15091867830374
0.5,-1.0,1.0,3.1622776601683795,0.1,1,1,鄯善,龜茲|車師前,1,0.0054788824766577714,0.7169811320754716,948.7124585077414,38.0,25.317939659532406
0.5,-0.5,1.0,3.1622776601683795,0.31622776601683794,0,0,龜茲,鄯善|于闐,0,0.005184711873669961,0.5094339622641509,918.6046618958006,27.0,25.81733752778748
0.5,-0.5,1.0,3.1622776601683795,0.31622776601683794,0,0,龜茲,鄯善|于闐,1,0.0055242046202393005,0.4339622641509434,974.0205293501787,23.0,26.17545906821992
0.5,-0.5,1.0,3.1622776601683795,0.31622776601683794,1,1,鄯善,龜茲|車師前,0,0.005637676854927179,0.39622641509433965,854.3547487117949,21.0,25.512539142113326
0.5,-0.5,1.0,3.1622776601683795,0.31622776601683794,1,1,鄯善,龜茲|車師前,1,0.00643744295588052,0.7924528301886793,936.7915217129494,42.0,26.120471359703924
0.5,0.0,1.0,3.1622776601683795,1.0,0,0,龜茲,鄯善|于闐,0,0.008754654344357219,0.4528301886792453,1008.1027028322908,24.0,28.093027185745505
0.5,0.0,1.0,3.1622776601683795,1.0,0,0,龜茲,鄯善|于闐,1,0.008609688266104962,0.3584905660377358,1101.6544589952593,19.0,28.332229560621276
0.5,0.0,1.0,3.1622776601683795,1.0,1,1,鄯善,龜茲|車師前,0,0.010790419907256729,0.33962264150943394,861.0795022181635,18.0,28.554261054916555
0.5,0.0,1.0,3.1622776601683795,1.0,1,1,鄯善,龜茲|車師前,1,0.008566830716149292,0.7547169811320755,995.6078163900629,40.0,28.309988305789386
0.5,0.5,1.0,3.1622776601683795,3.1622776601683795,0,0,龜茲,鄯善|于闐,0,0.021492359895703066,0.4339622641509434,995.5314602258203,23.0,36.78208335149071
0.5,0.5,1.0,3.1622776601683795,3.1622776601683795,0,0,龜茲,鄯善|于闐,1,0.02179507791255409,0.37735849056603776,1098.5697023349883,20.0,38.25722045060902
0.5,0.5,1.0,3.1622776601683795,3.1622776601683795,1,1,鄯善,龜茲|車師前,0,0.02291531454463044,0.37735849056603776,883.9274598637685,20.0,38.05650898406975
0.5,0.5,1.0,3.1622776601683795,3.1622776601683795,1,1,鄯善,龜茲|車師前,1,0.022346164028362057,0.6981132075471698,1065.8086095190222,37.0,38.31434441857039
0.5,1.0,1.0,3.1622776601683795,10.0,0,0,龜茲,鄯善|于闐,0,0.05510638278637725,0.4339622641509434,942.5244442106896,23.0,69.36674820359615
0.5,1.0,1.0,3.1622776601683795,10.0,0,0,龜茲,鄯善|于闐,1,0.055566635956346234,0.4339622641509434,955.6269732053597,23.0,68.62052544896856
0.5,1.0,1.0,3.1622776601683795,10.0,1,1,鄯善,龜茲|車師前,0,0.05899813184528767,0.37735849056603776,880.341904108645,20.0,70.1107855527488
0.5,1.0,1.0,3.1622776601683795,10.0,1,1,鄯善,龜茲|車師前,1,0.06064925541048503,0.6981132075471698,903.2759306864709,37.0,73.46640277268828
0.5,1.5,1.0,3.1622776601683795,31.622776601683793,0,0,龜茲,鄯善|于闐,0,0.13675383661455284,0.4716981132075472,1083.6881725023547,25.0,228.96303295839834
0.5,1.5,1.0,3.1622776601683795,31.622776601683793,0,0,龜茲,鄯善|于闐,1,0.1342466436631683,0.4716981132075472,1096.4724542063914,25.0,223.08875877950987
0.5,1.5,1.0,3.1622776601683795,31.622776601683793,1,1,鄯善,龜茲|車師前,0,0.1455073129217411,0.20754716981132076,613.3667772212352,11.0,210.51239670628834
0.5,1.5,1.0,3.1622776601683795,31.622776601683793,1,1,鄯善,龜茲|車師前,1,0.14233260230547454,0.39622641509433965,982.4684686319939,21.0,211.56200626362687
0.5,2.0,1.0,3.1622776601683795,100.0,0,0,龜茲,鄯善|于闐,0,0.2800958883584549,0.5094339622641509,1216.0910944682569,27.0,1030.4016519627737
0.5,2.0,1.0,3.1622776601683795,100.0,0,0,龜茲,鄯善|于闐,1,0.2789743933863195,0.4716981132075472,1228.8992390772084,25.0,906.5556145370152
0.5,2.0,1.0,3.1622776601683795,100.0,1,1,鄯善,龜茲|車師前,0,0.28631114886995596,0.22641509433962265,600.5606574277543,12.0,692.4903706036947
0.5,2.0,1.0,3.1622776601683795,100.0,1,1,鄯善,龜茲|車師前,1,0.2892026475820865,0.20754716981132076,596.1969873701662,11.0,735.6509518847165
1.0,-1.0,1.0,10.0,0.1,0,0,龜茲,鄯善|于闐,0,0.006994475408867462,0.41509433962264153,774.0362291667182,22.0,25.38452507421878
1.0,-1.0,1.0,10.0,0.1,0,0,龜茲,鄯善|于闐,1,0.005191058103434106,0.39622641509433965,868.4761046410658,21.0,25.1849843726282
1.0,-1.0,1.0,10.0,0.1,1,1,鄯善,龜茲|車師前,0,0.005765101918997356,0.3584905660377358,804.988885192638,19.0,25.34243616536939
1.0,-1.0,1.0,10.0,0.1,1,1,鄯善,龜茲|車師前,1,0.007686307212861428,0.5471698113207547,1030.119607742093,29.0,25.8373088654018
1.0,-0.5,1.0,10.0,0.31622776601683794,0,0,龜茲,鄯善|于闐,0,0.006214383484284467,0.37735849056603776,754.3845537759263,20.0,25.88849942292007
1.0,-0.5,1.0,10.0,0.31622776601683794,0,0,龜茲,鄯善|于闐,1,0.006043847460465605,0.32075471698113206,900.6483289031261,17.0,26.233930875682837
1.0,-0.5,1.0,10.0,0.31622776601683794,1,1,鄯善,龜茲|車師前,0,0.006425122438795889,0.37735849056603776,814.1497579983835,20.0,25.923884764668898
1.0,-0.5,1.0,10.0,0.31622776601683794,1,1,鄯善,龜茲|車師前,1,0.007810101367094258,0.660377358490566,1032.7131625026605,35.0,26.192222079963223
1.0,0.0,1.0,10.0,1.0,0,0,龜茲,鄯善|于闐,0,0.008516863955736935,0.41509433962264153,785.8009114555115,22.0,27.959375146855933
1.0,0.0,1.0,10.0,1.0,0,0,龜茲,鄯善|于闐,1,0.007876329368789228,0.32075471698113206,1012.3363907544256,17.0,28.105872481988804
1.0,0.0,1.0,10.0,1.0,1,1,鄯善,龜茲|車師前,0,0.011036564577464944,0.39622641509433965,820.4293754515479,21.0,28.6999102334171
1.0,0.0,1.0,10.0,1.0,1,1,鄯善,龜茲|車師前,1,0.010257751794291529,0.6226415094339622,991.1943095977193,33.0,29.301388076588122
1.0,0.5,1.0,10.0,3.1622776601683795,0,0,龜茲,鄯善|于闐,0,0.020951653464880687,0.4339622641509434,847.3675030447794,23.0,34.48454366364776
1.0,0.5,1.0,10.0,3.1622776601683795,0,0,龜茲,鄯善|于闐,1,0.02201901637375268,0.37735849056603776,1102.324880441331,20.0,38.45340333570926
1.0,0.5,1.0,10.0,3.1622776601683795,1,1,鄯善,龜茲|車師前,0,0.02262739552834163,0.33962264150943394,860.758313574768,18.0,37.00917329543889
1.0,0.5,1.0,10.0,3.1622776601683795,1,1,鄯善,龜茲|車師前,1,0.022826602960781366,0.660377358490566,1044.498070350164,35.0,39.124568966074
1.0,1.0,1.0,10.0,10.0,0,0,龜茲,鄯善|于闐,0,0.054851804061543344,0.4339622641509434,899.3490236374281,23.0,68.03314323139334
1.0,1.0,1.0,10.0,10.0,0,0,龜茲,鄯善|于闐,1,0.055265116630296846,0.4339622641509434,961.561193356202,23.0,68.30171778722867
1.0,1.0,1.0,10.0,10.0,1,1,鄯善,龜茲|車師前,0,0.05972780089413119,0.3584905660377358,872.2814377169248,19.0,70.9682963648706
1.0,1.0,1.0,10.0,10.0,1,1,鄯善,龜茲|車師前,1,0.06059229462610084,0.660377358490566,916.1159396899291,35.0,75.14503429273488
1.0,1.5,1.0,10.0,31.622776601683793,0,0,龜茲,鄯善|于闐,0,0.13590487679092605,0.49056603773584906,1099.47087518695,26.0,228.12258917008253
1.0,1.5,1.0,10.0,31.622776601683793,0,0,龜茲,鄯善|于闐,1,0.13392073330945425,0.4716981132075472,1098.4047083675082,25.0,221.3739385148063
1.0,1.5,1.0,10.0,31.622776601683793,1,1,鄯善,龜茲|車師前,0,0.14551358243813714,0.20754716981132076,627.1274012373229,11.0,210.19686692585128
1.0,1.5,1.0,10.0,31.622776601683793,1,1,鄯善,龜茲|車師前,1,0.13958414337072636,0.39622641509433965,965.0607304639616,21.0,199.65431815239296
1.0,2.0,1.0,10.0,100.0,0,0,龜茲,鄯善|于闐,0,0.2802272867067004,0.5094339622641509,1224.9468573234046,27.0,1024.6308981975105
1.0,2.0,1.0,10.0,100.0,0,0,龜茲,鄯善|于闐,1,0.2788697152869034,0.4716981132075472,1228.5008953623476,25.0,904.7827116182334
1.0,2.0,1.0,10.0,100.0,1,1,鄯善,龜茲|車師前,0,0.28621952616936785,0.22641509433962265,593.8855351503951,12.0,691.9529495304816
1.0,2.0,1.0,10.0,100.0,1,1,鄯善,龜茲|車師前,1,0.289101705240509,0.20754716981132076,580.9366592055611,11.0,736.4683935638927
1.5,-1.0,1.0,31.622776601683793,0.1,0,0,龜茲,鄯善|于闐,0,0.006157137304445151,0.3584905660377358,568.7317476108782,19.0,25.356421383190746
1.5,-1.0,1.0,31.622776601683793,0.1,0,0,龜茲,鄯善|于闐,1,0.01575773975300542,0.20754716981132076,702.1672152716634,11.0,25.746136875948878
1.5,-1.0,1.0,31.622776601683793,0.1,1,1,鄯善,龜茲|車師前,0,0.00933840149045756,0.33962264150943394,668.9270407344488,18.0,25.939739668324336
1.5,-1.0,1.0,31.622776601683793,0.1,1,1,鄯善,龜茲|車師前,1,0.009743254977382805,0.5660377358490566,762.099213682102,30.0,26.138044736272363
1.5,-0.5,1.0,31.622776601683793,0.31622776601683794,0,0,龜茲,鄯善|于闐,0,0.00625979334070559,0.33962264150943394,498.9913511338825,18.0,25.982220806714295
1.5,-0.5,1.0,31.622776601683793,0.31622776601683794,0,0,龜茲,鄯善|于闐,1,0.01078618521416846,0.2830188679245283,793.2415178783011,15.0,25.99100133483126
1.5,-0.5,1.0,31.622776601683793,0.31622776601683794,1,1,鄯善,龜茲|車師前,0,0.009417256133831467,0.32075471698113206,667.0404585914337,17.0,26.609472362448404
1.5,-0.5,1.0,31.622776601683793,0.31622776601683794,1,1,鄯善,龜茲|車師前,1,0.010357585826320532,0.5471698113207547,837.6288835771405,29.0,26.74014962448353
1.5,0.0,1.0,31.622776601683793,1.0,0,0,龜茲,鄯善|于闐,0,0.011215802662119096,0.37735849056603776,662.795911759356,20.0,28.213105337547756
1.5,0.0,1.0,31.622776601683793,1.0,0,0,龜茲,鄯善|于闐,1,0.010708415968798464,0.32075471698113206,884.4018303410778,17.0,28.489906736366812
1.5,0.0,1.0,31.622776601683793,1.0,1,1,鄯善,龜茲|車師前,0,0.012617491848288602,0.33962264150943394,677.5217822603713,18.0,29.401834557180134
1.5,0.0,1.0,31.622776601683793,1.0,1,1,鄯善,龜茲|車師前,1,0.01417273601528472,0.6981132075471698,882.0533450689121,37.0,29.897411160697892
1.5,0.5,1.0,31.622776601683793,3.1622776601683795,0,0,龜茲,鄯善|于闐,0,0.020390372101959462,0.2641509433962264,600.8970552048044,14.0,35.885715496155754
1.5,0.5,1.0,31.622776601683793,3.1622776601683795,0,0,龜茲,鄯善|于闐,1,0.02147119363410981,0.41509433962264153,1036.4505059921655,22.0,38.04353018436407
1.5,0.5,1.0,31.622776601683793,3.1622776601683795,1,1,鄯善,龜茲|車師前,0,0.022962970081025012,0.33962264150943394,753.3632182216313,18.0,37.048827072470026
1.5,0.5,1.0,31.622776601683793,3.1622776601683795,1,1,鄯善,龜茲|車師前,1,0.0259017063267997,0.8301886792452831,970.3872627823191,44.0,40.28731282475491
1.5,1.0,1.0,31.622776601683793,10.0,0,0,龜茲,鄯善|于闐,0,0.05436656881688413,0.33962264150943394,736.0110770003057,18.0,67.18995808130292
1.5,1.0,1.0,31.622776601683793,10.0,0,0,龜茲,鄯善|于闐,1,0.05504774703171926,0.41509433962264153,980.1113112473132,22.0,68.57317147140871
1.5,1.0,1.0,31.622776601683793,10.0,1,1,鄯善,龜茲|車師前,0,0.05885573305905926,0.32075471698113206,775.1084464071713,17.0,69.48925104474942
1.5,1.0,1.0,31.622776601683793,10.0,1,1,鄯善,龜茲|車師前,1,0.05183449200737029,0.37735849056603776,960.3980173892376,20.0,70.44432633745589
1.5,1.5,1.0,31.622776601683793,31.622776601683793,0,0,龜茲,鄯善|于闐,0,0.1334917078315751,0.4716981132075472,1095.77145378897,25.0,219.00936772612113
1.5,1.5,1.0,31.622776601683793,31.622776601683793,0,0,龜茲,鄯善|于闐,1,0.13382716991816626,0.4716981132075472,1097.7398798878694,25.0,220.58860866301052
1.5,1.5,1.0,31.622776601683793,31.622776601683793,1,1,鄯善,龜茲|車師前,0,0.14496106795780206,0.20754716981132076,561.4078861507222,11.0,210.58081414961862
1.5,1.5,1.0,31.622776601683793,31.622776601683793,1,1,鄯善,龜茲|車師前,1,0.13972827046429245,0.39622641509433965,952.0567836084692,21.0,199.96231885705643
1.5,2.0,1.0,31.622776601683793,100.0,0,0,龜茲,鄯善|于闐,0,0.27985752959088883,0.5094339622641509,1224.7772627465702,27.0,1020.6829517926215
1.5,2.0,1.0,31.622776601683793,100.0,0,0,龜茲,鄯善|于闐,1,0.27923751622435833,0.4716981132075472,1225.7381390570679,25.0,897.9951402540204
1.5,2.0,1.0,31.622776601683793,100.0,1,1,鄯善,龜茲|車師前,0,0.28614301496850286,0.22641509433962265,580.8060720522479,12.0,692.3830524081982
1.5,2.0,1.0,31.622776601683793,100.0,1,1,鄯善,龜茲|車師前,1,0.28906529118387564,0.20754716981132076,565.264103232109,11.0,738.1569454025342
2.0,-1.0,1.0,100.0,0.1,0,0,龜茲,鄯善|于闐,0,0.010838200652785552,0.32075471698113206,549.3032668108282,17.0,26.106671970441546
2.0,-1.0,1.0,100.0,0.1,0,0,龜茲,鄯善|于闐,1,0.006161859257984536,0.18867924528301888,276.97981089947024,10.0,25.33730166339675
2.0,-1.0,1.0,100.0,0.1,1,1,鄯善,龜茲|車師前,0,0.005025980668334233,0.22641509433962265,409.18763521489103,12.0,25.25326074804356
2.0,-1.0,1.0,100.0,0.1,1,1,鄯善,龜茲|車師前,1,0.0270455670624347,0.6415094339622641,922.4640473222555,34.0,29.966348331123914
2.0,-0.5,1.0,100.0,0.31622776601683794,0,0,龜茲,鄯善|于闐,0,0.011863359281887807,0.3584905660377358,562.5218057381255,19.0,26.57174828817448
2.0,-0.5,1.0,100.0,0.31622776601683794,0,0,龜茲,鄯善|于闐,1,0.00694367669095241,0.18867924528301888,298.69899867540386,10.0,25.972506839594942
2.0,-0.5,1.0,100.0,0.31622776601683794,1,1,鄯善,龜茲|車師前,0,0.005532445682493286,0.16981132075471697,436.14314289886676,9.0,26.065919200276937
2.0,-0.5,1.0,100.0,0.31622776601683794,1,1,鄯善,龜茲|車師前,1,0.030251105691708968,0.6415094339622641,667.4987378218209,34.0,30.885151826984448
2.0,0.0,1.0,100.0,1.0,0,0,龜茲,鄯善|于闐,0,0.014064099405416532,0.24528301886792453,384.94385654871485,13.0,28.677232296714003
2.0,0.0,1.0,100.0,1.0,0,0,龜茲,鄯善|于闐,1,0.010340912298372331,0.16981132075471697,367.1826894355558,9.0,28.718705697619008
2.0,0.0,1.0,100.0,1.0,1,1,鄯善,龜茲|車師前,0,0.009128954820119812,0.22641509433962265,437.34879122966015,12.0,28.173160273942553
2.0,0.0,1.0,100.0,1.0,1,1,鄯善,龜茲|車師前,1,0.032401848369983444,0.5094339622641509,523.301549666871,27.0,31.798092330105316
2.0,0.5,1.0,100.0,3.1622776601683795,0,0,龜茲,鄯善|于闐,0,0.021996669714430296,0.2641509433962264,493.57982554505867,14.0,36.98917691591636
2.0,0.5,1.0,100.0,3.1622776601683795,0,0,龜茲,鄯善|于闐,1,0.02256355760409243,0.1509433962264151,294.4349048312521,8.0,37.84688758822851
2.0,0.5,1.0,100.0,3.1622776601683795,1,1,鄯善,龜茲|車師前,0,0.022233710253074877,0.24528301886792453,451.44057801192724,13.0,37.71965889856544
2.0,0.5,1.0,100.0,3.1622776601683795,1,1,鄯善,龜茲|車師前,1,0.0306824515789228,0.7735849056603774,822.6800132536141,41.0,37.73337197833165
2.0,1.0,1.0,100.0,10.0,0,0,龜茲,鄯善|于闐,0,0.05655418025516654,0.1509433962264151,397.4049019413702,8.0,70.38787583868536
2.0,1.0,1.0,100.0,10.0,0,0,龜茲,鄯善|于闐,1,0.05603186807720548,0.20754716981132076,492.9140752723888,11.0,71.3436002096464
2.0,1.0,1.0,100.0,10.0,1,1,鄯善,龜茲|車師前,0,0.0614829188028289,0.16981132075471697,412.1036728141749,9.0,70.46261946522019
2.0,1.0,1.0,100.0,10.0,1,1,鄯善,龜茲|車師前,1,0.05990924497083626,0.41509433962264153,989.3066868586677,22.0,68.4267184745374
2.0,1.5,1.0,100.0,31.622776601683793,0,0,龜茲,鄯善|于闐,0,0.13842974609054315,0.32075471698113206,746.8339444619729,17.0,210.34840568455894
2.0,1.5,1.0,100.0,31.622776601683793,0,0,龜茲,鄯善|于闐,1,0.1364442330257149,0.1320754716981132,419.4336700101497,7.0,198.0333552874102
2.0,1.5,1.0,100.0,31.622776601683793,1,1,鄯善,龜茲|車師前,0,0.14314261400792364,0.16981132075471697,443.04817046520367,9.0,211.6228019045468
2.0,1.5,1.0,100.0,31.622776601683793,1,1,鄯善,龜茲|車師前,1,0.14049909579831046,0.39622641509433965,991.8447907480748,21.0,199.01029878700442
2.0,2.0,1.0,100.0,100.0,0,0,龜茲,鄯善|于闐,0,0.27979530462702606,0.49056603773584906,1265.621130104757,26.0,1033.7582885511445
2.0,2.0,1.0,100.0,100.0,0,0,龜茲,鄯善|于闐,1,0.27837813593663696,0.4716981132075472,1217.5605725925564,25.0,880.5094957012901
2.0,2.0,1.0,100.0,100.0,1,1,鄯善,龜茲|車師前,0,0.2863074703773289,0.18867924528301888,542.7226491149835,10.0,694.4561773204074
2.0,2.0,1.0,100.0,100.0,1,1,鄯善,龜茲|車師前,1,0.2896386616050087,0.16981132075471697,538.0891147109414,9.0,738.7424020782585
